<FindbugsPlugin xmlns:xsi="http://www.w3.org/2001/XMLSchema-instance"
                xsi:noNamespaceSchemaLocation="https://raw.githubusercontent.com/spotbugs/spotbugs/master/spotbugs/etc/findbugsplugin.xsd"
                pluginid="com.h3xstream.findsecbugs"
                provider="Find Security Bugs"
                defaultenabled="true"
                website="https://find-sec-bugs.github.io">

    <!-- Registers engine for taint analysis dataflow -->
    <EngineRegistrar class="com.h3xstream.findsecbugs.taintanalysis.EngineRegistrar"/>
    
    <!--
    Detector : Java class that analyzes the bytecode
    Bug Pattern : Vulnerability/Code at risk*. All bug patterns are describe in messages.xml.

    * Not all bug patterns are direct vulnerabilities. For example, the identification of Struts/Spring/Rest/SOAP endpoints.
    -->

    <Detector class="com.h3xstream.findsecbugs.PredictableRandomDetector" reports="PREDICTABLE_RANDOM,PREDICTABLE_RANDOM_SCALA"/>
    <Detector class="com.h3xstream.findsecbugs.endpoint.ServletEndpointDetector"
              reports="SERVLET_PARAMETER,SERVLET_CONTENT_TYPE,SERVLET_SERVER_NAME,SERVLET_SESSION_ID,SERVLET_QUERY_STRING,SERVLET_HEADER,SERVLET_HEADER_REFERER,SERVLET_HEADER_USER_AGENT"/>
    <Detector class="com.h3xstream.findsecbugs.cookie.CookieReadDetector" reports="COOKIE_USAGE"/>
    <Detector class="com.h3xstream.findsecbugs.cookie.CookieFlagsDetector" reports="INSECURE_COOKIE,HTTPONLY_COOKIE"/>
    <Detector class="com.h3xstream.findsecbugs.file.PathTraversalDetector" reports="PATH_TRAVERSAL_IN,PATH_TRAVERSAL_OUT,SCALA_PATH_TRAVERSAL_IN"/>
    <Detector class="com.h3xstream.findsecbugs.injection.command.CommandInjectionDetector" reports="COMMAND_INJECTION,SCALA_COMMAND_INJECTION"/>
    <Detector class="com.h3xstream.findsecbugs.WeakFilenameUtilsMethodDetector" reports="WEAK_FILENAMEUTILS"/>
    <Detector class="com.h3xstream.findsecbugs.crypto.WeakTrustManagerDetector" reports="WEAK_TRUST_MANAGER,WEAK_HOSTNAME_VERIFIER"/>
    <Detector class="com.h3xstream.findsecbugs.endpoint.JaxWsEndpointDetector" reports="JAXWS_ENDPOINT"/>
    <Detector class="com.h3xstream.findsecbugs.endpoint.JaxRsEndpointDetector" reports="JAXRS_ENDPOINT"/>
    <Detector class="com.h3xstream.findsecbugs.endpoint.TapestryEndpointDetector" reports="TAPESTRY_ENDPOINT"/>
    <Detector class="com.h3xstream.findsecbugs.endpoint.WicketEndpointDetector" reports="WICKET_ENDPOINT"/>
    <Detector class="com.h3xstream.findsecbugs.crypto.WeakMessageDigestDetector" reports="WEAK_MESSAGE_DIGEST_MD5,WEAK_MESSAGE_DIGEST_SHA1"/>
    <Detector class="com.h3xstream.findsecbugs.crypto.WeakTLSDetector" reports="DEFAULT_HTTP_CLIENT,SSL_CONTEXT"/>
    <Detector class="com.h3xstream.findsecbugs.crypto.CustomMessageDigestDetector" reports="CUSTOM_MESSAGE_DIGEST"/>
    <Detector class="com.h3xstream.findsecbugs.file.FileUploadFilenameDetector" reports="FILE_UPLOAD_FILENAME"/>
    <Detector class="com.h3xstream.findsecbugs.ReDosDetector" reports="REDOS"/>
    <Detector class="com.h3xstream.findsecbugs.xml.XxeDetector" reports="XXE_SAXPARSER,XXE_XMLREADER,XXE_DOCUMENT,XXE_XPATH"/>
    <Detector class="com.h3xstream.findsecbugs.xml.TransformerFactoryDetector" reports="XXE_DTD_TRANSFORM_FACTORY,XXE_XSLT_TRANSFORM_FACTORY"/>
    <Detector class="com.h3xstream.findsecbugs.xml.XmlStreamReaderDetector" reports="XXE_XMLSTREAMREADER"/>
    <Detector class="com.h3xstream.findsecbugs.xpath.XPathInjectionDetector" reports="XPATH_INJECTION"/>
    <Detector class="com.h3xstream.findsecbugs.endpoint.Struts1EndpointDetector" reports="STRUTS1_ENDPOINT"/>
    <Detector class="com.h3xstream.findsecbugs.endpoint.Struts2EndpointDetector" reports="STRUTS2_ENDPOINT"/>
    <Detector class="com.h3xstream.findsecbugs.endpoint.SpringMvcEndpointDetector" reports="SPRING_ENDPOINT"/>
    <Detector class="com.h3xstream.findsecbugs.csrf.SpringCsrfProtectionDisabledDetector" reports="SPRING_CSRF_PROTECTION_DISABLED"/>
    <Detector class="com.h3xstream.findsecbugs.csrf.SpringCsrfUnrestrictedRequestMappingDetector" reports="SPRING_CSRF_UNRESTRICTED_REQUEST_MAPPING"/>
    <Detector class="com.h3xstream.findsecbugs.injection.custom.CustomInjectionDetector" reports="CUSTOM_INJECTION"/>
    <Detector class="com.h3xstream.findsecbugs.injection.sql.SqlInjectionDetector"
              reports="SQL_INJECTION,SQL_INJECTION_TURBINE,SQL_INJECTION_HIBERNATE,SQL_INJECTION_JDO,SQL_INJECTION_JPA,SQL_INJECTION_JDBC,SQL_INJECTION_SPRING_JDBC,SCALA_SQL_INJECTION_SLICK,SCALA_SQL_INJECTION_ANORM"/>
    <Detector class="com.h3xstream.findsecbugs.injection.sql.AndroidSqlInjectionDetector" reports="SQL_INJECTION_ANDROID"/>
    <Detector class="com.h3xstream.findsecbugs.crypto.BadHexadecimalConversionDetector" reports="BAD_HEXA_CONVERSION"/>
    <Detector class="com.h3xstream.findsecbugs.crypto.HazelcastSymmetricEncryptionDetector"
              reports="HAZELCAST_SYMMETRIC_ENCRYPTION"/>
    <Detector class="com.h3xstream.findsecbugs.crypto.NullCipherDetector" reports="NULL_CIPHER"/>
    <Detector class="com.h3xstream.findsecbugs.crypto.UnencryptedSocketDetector" reports="UNENCRYPTED_SOCKET"/>
    <Detector class="com.h3xstream.findsecbugs.crypto.UnencryptedServerSocketDetector" reports="UNENCRYPTED_SERVER_SOCKET"/>
    <Detector class="com.h3xstream.findsecbugs.crypto.cipher.DesUsageDetector" reports="DES_USAGE"/>
    <Detector class="com.h3xstream.findsecbugs.crypto.cipher.TDesUsageDetector" reports="TDES_USAGE"/>
    <Detector class="com.h3xstream.findsecbugs.crypto.cipher.RsaNoPaddingDetector" reports="RSA_NO_PADDING"/>
    <Detector class="com.h3xstream.findsecbugs.password.ConstantPasswordDetector" reports="HARD_CODE_PASSWORD,HARD_CODE_KEY"/>
    <Detector class="com.h3xstream.findsecbugs.password.GoogleApiKeyDetector" reports="HARD_CODE_PASSWORD"/>
    <Detector class="com.h3xstream.findsecbugs.password.HardcodePasswordInMapDetector" reports="HARD_CODE_PASSWORD"/>
    <Detector class="com.h3xstream.findsecbugs.password.IntuitiveHardcodePasswordDetector" reports="HARD_CODE_PASSWORD"/>
    <Detector class="com.h3xstream.findsecbugs.password.HardcodedPasswordEqualsDetector" reports="HARD_CODE_PASSWORD"/>
    <Detector class="com.h3xstream.findsecbugs.password.HashUnsafeEqualsDetector" reports="UNSAFE_HASH_EQUALS"/>
    <Detector class="com.h3xstream.findsecbugs.kotlin.KotlinHardcodedPasswordEqualsDetector" reports="HARD_CODE_PASSWORD"/>
    <Detector class="com.h3xstream.findsecbugs.StrutsValidatorFormDetector" reports="STRUTS_FORM_VALIDATION"/>
    <Detector class="com.h3xstream.findsecbugs.xss.XSSRequestWrapperDetector" reports="XSS_REQUEST_WRAPPER"/>
    <Detector class="com.h3xstream.findsecbugs.crypto.InsufficientKeySizeBlowfishDetector" reports="BLOWFISH_KEY_SIZE"/>
    <Detector class="com.h3xstream.findsecbugs.crypto.InsufficientKeySizeRsaDetector" reports="RSA_KEY_SIZE"/>
    <Detector class="com.h3xstream.findsecbugs.injection.redirect.UnvalidatedRedirectDetector" reports="UNVALIDATED_REDIRECT" />
    <Detector class="com.h3xstream.findsecbugs.xss.XssJspDetector" reports="XSS_JSP_PRINT,XSS_SERVLET" />
    <Detector class="com.h3xstream.findsecbugs.xss.XssServletDetector" reports="XSS_SERVLET" />
    <Detector class="com.h3xstream.findsecbugs.jsp.JspIncludeDetector" reports="JSP_INCLUDE" />
    <Detector class="com.h3xstream.findsecbugs.jsp.JspSpringEvalDetector" reports="JSP_SPRING_EVAL" />
    <Detector class="com.h3xstream.findsecbugs.jsp.JstlOutDetector" reports="JSP_JSTL_OUT" />
    <Detector class="com.h3xstream.findsecbugs.jsp.XslTransformJspDetector" reports="JSP_XSLT" />
    <Detector class="com.h3xstream.findsecbugs.xml.StdXmlTransformDetector" reports="MALICIOUS_XSLT" />
    <Detector class="com.h3xstream.findsecbugs.xml.XmlDecoderDetector" reports="XML_DECODER"/>
    <Detector class="com.h3xstream.findsecbugs.crypto.StaticIvDetector" reports="STATIC_IV"/>
    <Detector class="com.h3xstream.findsecbugs.crypto.CipherWithNoIntegrityDetector" reports="ECB_MODE,PADDING_ORACLE,CIPHER_INTEGRITY"/>
    <Detector class="com.h3xstream.findsecbugs.crypto.EsapiEncryptorDetector" reports="ESAPI_ENCRYPTOR"/>
    <Detector class="com.h3xstream.findsecbugs.injection.script.ScriptInjectionDetector"
              reports="SCRIPT_ENGINE_INJECTION,SPEL_INJECTION,EL_INJECTION,SEAM_LOG_INJECTION,OGNL_INJECTION"/>
    <Detector class="com.h3xstream.findsecbugs.injection.script.OgnlInjectionDetector"
              reports="OGNL_INJECTION"/>
    <Detector class="com.h3xstream.findsecbugs.injection.script.SpelViewDetector" reports="SPEL_INJECTION"/>
    <Detector class="com.h3xstream.findsecbugs.HttpResponseSplittingDetector" reports="HTTP_RESPONSE_SPLITTING"/>
    <Detector class="com.h3xstream.findsecbugs.injection.crlf.CrlfLogInjectionDetector" reports="CRLF_INJECTION_LOGS"/>
    <Detector class="com.h3xstream.findsecbugs.ExternalConfigurationControlDetector" reports="EXTERNAL_CONFIG_CONTROL"/>
    <Detector class="com.h3xstream.findsecbugs.android.ExternalFileAccessDetector" reports="ANDROID_EXTERNAL_FILE_ACCESS"/>
    <Detector class="com.h3xstream.findsecbugs.android.BroadcastDetector" reports="ANDROID_BROADCAST"/>
    <Detector class="com.h3xstream.findsecbugs.android.WorldWritableDetector" reports="ANDROID_WORLD_WRITABLE"/>
    <Detector class="com.h3xstream.findsecbugs.android.GeolocationDetector" reports="ANDROID_GEOLOCATION"/>
    <Detector class="com.h3xstream.findsecbugs.android.WebViewJavascriptEnabledDetector" reports="ANDROID_WEB_VIEW_JAVASCRIPT"/>
    <Detector class="com.h3xstream.findsecbugs.android.WebViewJavascriptInterfaceDetector" reports="ANDROID_WEB_VIEW_JAVASCRIPT_INTERFACE"/>
    <Detector class="com.h3xstream.findsecbugs.serial.ObjectDeserializationDetector" reports="OBJECT_DESERIALIZATION"/>
    <Detector class="com.h3xstream.findsecbugs.serial.UnsafeJacksonDeserializationDetector" reports="JACKSON_UNSAFE_DESERIALIZATION"/>
    <Detector class="com.h3xstream.findsecbugs.serial.DeserializationGadgetDetector" reports="DESERIALIZATION_GADGET"/>
    <Detector class="com.h3xstream.findsecbugs.injection.trust.TrustBoundaryViolationAttributeDetector" reports="TRUST_BOUNDARY_VIOLATION"/>
    <Detector class="com.h3xstream.findsecbugs.injection.trust.TrustBoundaryViolationValueDetector" reports="TRUST_BOUNDARY_VIOLATION"/>
    <Detector class="com.h3xstream.findsecbugs.scala.PlayUnvalidatedRedirectDetector" reports="PLAY_UNVALIDATED_REDIRECT" />
    <Detector class="com.h3xstream.findsecbugs.scala.SslDisablerDetector" reports="WEAK_TRUST_MANAGER,WEAK_HOSTNAME_VERIFIER"/>
    <Detector class="com.h3xstream.findsecbugs.scala.ScalaSensitiveDataExposureDetector" reports="SCALA_SENSITIVE_DATA_EXPOSURE"/>
    <Detector class="com.h3xstream.findsecbugs.injection.ssrf.SSRFDetector" reports="SCALA_PLAY_SSRF,URLCONNECTION_SSRF_FD"/>
    <Detector class="com.h3xstream.findsecbugs.scala.XssMvcApiDetector" reports="SCALA_XSS_MVC_API" />
    <Detector class="com.h3xstream.findsecbugs.scala.XssTwirlDetector" reports="SCALA_XSS_TWIRL" />
    <Detector class="com.h3xstream.findsecbugs.template.VelocityDetector" reports="TEMPLATE_INJECTION_VELOCITY" />
    <Detector class="com.h3xstream.findsecbugs.template.FreemarkerDetector" reports="TEMPLATE_INJECTION_FREEMARKER" />
    <Detector class="com.h3xstream.findsecbugs.template.PebbleDetector" reports="TEMPLATE_INJECTION_PEBBLE" />
    <Detector class="com.h3xstream.findsecbugs.injection.ldap.LdapInjectionDetector" reports="LDAP_INJECTION"/>
    <Detector class="com.h3xstream.findsecbugs.ldap.AnonymousLdapDetector" reports="LDAP_ANONYMOUS"/>
    <Detector class="com.h3xstream.findsecbugs.ldap.LdapEntryPoisoningDetector" reports="LDAP_ENTRY_POISONING"/>
    <Detector class="com.h3xstream.findsecbugs.PermissiveCORSDetector" reports="PERMISSIVE_CORS"/>
    <Detector class="com.h3xstream.findsecbugs.cookie.PersistentCookieDetector" reports="COOKIE_PERSISTENT" />
    <Detector class="com.h3xstream.findsecbugs.cookie.UrlRewritingDetector" reports="URL_REWRITING"/>
    <Detector class="com.h3xstream.findsecbugs.crypto.InsecureSmtpSslDetector" reports="INSECURE_SMTP_SSL"/>
    <Detector class="com.h3xstream.findsecbugs.injection.aws.AwsQueryInjectionDetector" reports="AWS_QUERY_INJECTION"/>
    <Detector class="com.h3xstream.findsecbugs.injection.beans.BeanInjectionDetector" reports="BEAN_PROPERTY_INJECTION"/>
    <Detector class="com.h3xstream.findsecbugs.injection.fileDisclosure.FileDisclosureDetector" reports="STRUTS_FILE_DISCLOSURE,SPRING_FILE_DISCLOSURE,REQUESTDISPATCHER_FILE_DISCLOSURE"/>
    <Detector class="com.h3xstream.findsecbugs.injection.formatter.FormatStringManipulationDetector" reports="FORMAT_STRING_MANIPULATION"/>
    <Detector class="com.h3xstream.findsecbugs.injection.http.HttpParameterPollutionDetector" reports="HTTP_PARAMETER_POLLUTION"/>
    <Detector class="com.h3xstream.findsecbugs.injection.smtp.SmtpHeaderInjectionDetector" reports="SMTP_HEADER_INJECTION"/>
    <Detector class="com.h3xstream.findsecbugs.spring.SpringUnvalidatedRedirectDetector" reports="SPRING_UNVALIDATED_REDIRECT"/>
    <Detector class="com.h3xstream.findsecbugs.spring.SpringEntityLeakDetector" reports="ENTITY_LEAK,ENTITY_MASS_ASSIGNMENT"/>
    <Detector class="com.h3xstream.findsecbugs.spring.CorsRegistryCORSDetector" reports="PERMISSIVE_CORS"/>
    <Detector class="com.h3xstream.findsecbugs.saml.SamlIgnoreCommentsDetector" reports="SAML_IGNORE_COMMENTS"/>
    <Detector class="com.h3xstream.findsecbugs.taintanalysis.extra.PotentialValueTracker" reports="HARD_CODE_PASSWORD,DES_USAGE,WEAK_MESSAGE_DIGEST_MD5,WEAK_MESSAGE_DIGEST_SHA1"/> <!-- This detector is not reporting any issue -->
    <Detector class="com.h3xstream.findsecbugs.taintanalysis.extra.JstlExpressionWhiteLister" reports="XSS_JSP_PRINT"/> <!-- This detector is not reporting any issue -->
    <Detector class="com.h3xstream.findsecbugs.crypto.ErrorMessageExposureDetector" reports="INFORMATION_EXPOSURE_THROUGH_AN_ERROR_MESSAGE"/>
    <Detector class="com.h3xstream.findsecbugs.kotlin.KotlinHardcodePasswordInMapDetector" reports="HARD_CODE_PASSWORD"/>
    <Detector class="com.h3xstream.findsecbugs.xml.EnabledExtensionsInApacheXmlRpcDetector" reports="RPC_ENABLED_EXTENSIONS"/>
    <Detector class="com.h3xstream.findsecbugs.wicket.WicketXssComponentDetector" reports="WICKET_XSS1"/>
    <Detector class="com.h3xstream.findsecbugs.file.OverlyPermissiveFilePermissionDetector" reports="OVERLY_PERMISSIVE_FILE_PERMISSION"/>
    <Detector class="com.h3xstream.findsecbugs.file.SuspiciousCommandDetector" reports="OVERLY_PERMISSIVE_FILE_PERMISSION"/>

    <BugPattern type="HTTP_PARAMETER_POLLUTION" abbrev="SECHPP" category="SECURITY"/>
    <BugPattern type="SMTP_HEADER_INJECTION" abbrev="SECSMTP" category="SECURITY"/>
    <BugPattern type="FORMAT_STRING_MANIPULATION" abbrev="SECFSM" category="SECURITY"/>
    <BugPattern type="SPRING_FILE_DISCLOSURE" abbrev="SECSF" category="SECURITY"/>
    <BugPattern type="STRUTS_FILE_DISCLOSURE" abbrev="SECSFD" category="SECURITY"/>
    <BugPattern type="REQUESTDISPATCHER_FILE_DISCLOSURE" abbrev="SECSFDR" category="SECURITY"/>
    <BugPattern type="BEAN_PROPERTY_INJECTION" abbrev="SECBPI" category="SECURITY"/>
    <BugPattern type="AWS_QUERY_INJECTION" abbrev="SECAQI" category="SECURITY"/>
    <BugPattern type="INSECURE_SMTP_SSL" abbrev="SECISC" category="SECURITY"/>
    <BugPattern type="URL_REWRITING" abbrev="SECURLR" category="SECURITY"/>
    <BugPattern type="COOKIE_PERSISTENT" abbrev="SECCP" category="SECURITY"/>
    <BugPattern type="PERMISSIVE_CORS" abbrev="SECCORS" category="SECURITY"/>
    <BugPattern type="PREDICTABLE_RANDOM" abbrev="SECPR" category="SECURITY" cweid="330"/>
    <BugPattern type="PREDICTABLE_RANDOM_SCALA" abbrev="SECPRS" category="SECURITY" cweid="330"/>
    <BugPattern type="SERVLET_PARAMETER" abbrev="SECSP" category="SECURITY"/>
    <BugPattern type="SERVLET_CONTENT_TYPE" abbrev="SECSCT" category="SECURITY"/>
    <BugPattern type="SERVLET_SERVER_NAME" abbrev="SECSSN" category="SECURITY"/>
    <BugPattern type="SERVLET_SESSION_ID" abbrev="SECSSID" category="SECURITY"/>
    <BugPattern type="SERVLET_QUERY_STRING" abbrev="SECSSQ" category="SECURITY"/>
    <BugPattern type="SERVLET_HEADER" abbrev="SECSH" category="SECURITY"/>
    <BugPattern type="SERVLET_HEADER_REFERER" abbrev="SECSHR" category="SECURITY"/>
    <BugPattern type="SERVLET_HEADER_USER_AGENT" abbrev="SECSHUA" category="SECURITY"/>
    <BugPattern type="COOKIE_USAGE" abbrev="SECCU" category="SECURITY"/>
    <BugPattern type="INSECURE_COOKIE" abbrev="SECIC" category="SECURITY" cweid="614"/>
    <BugPattern type="HTTPONLY_COOKIE" abbrev="SECHOC" category="SECURITY"/>
    <BugPattern type="PATH_TRAVERSAL_IN" abbrev="SECPTI" category="SECURITY" cweid="22"/>
    <BugPattern type="PATH_TRAVERSAL_OUT" abbrev="SECPTO" category="SECURITY" cweid="22"/>
    <BugPattern type="SCALA_PATH_TRAVERSAL_IN" abbrev="SSECPTI" category="SECURITY" cweid="22"/>
    <BugPattern type="COMMAND_INJECTION" abbrev="SECCI" category="SECURITY" cweid="78"/>
    <BugPattern type="SCALA_COMMAND_INJECTION" abbrev="SECSCI" category="SECURITY" cweid="78"/>
    <BugPattern type="WEAK_FILENAMEUTILS" abbrev="SECWF" category="SECURITY"/>
    <BugPattern type="WEAK_TRUST_MANAGER" abbrev="SECWTM" category="SECURITY" cweid="295"/>
    <BugPattern type="WEAK_HOSTNAME_VERIFIER" abbrev="SECWHV" category="SECURITY" cweid="295"/>
    <BugPattern type="JAXWS_ENDPOINT" abbrev="SECJWS" category="SECURITY"/>
    <BugPattern type="JAXRS_ENDPOINT" abbrev="SECJRS" category="SECURITY"/>
    <BugPattern type="TAPESTRY_ENDPOINT" abbrev="SECTE" category="SECURITY"/>
    <BugPattern type="WICKET_ENDPOINT" abbrev="SECWE" category="SECURITY"/>
    <BugPattern type="WEAK_MESSAGE_DIGEST_MD5" abbrev="SECMD5" category="SECURITY" cweid="328"/>
    <BugPattern type="WEAK_MESSAGE_DIGEST_SHA1" abbrev="SECSHA1" category="SECURITY" cweid="328"/>
    <BugPattern type="DEFAULT_HTTP_CLIENT" abbrev="SECHTTPCLIENT" category="SECURITY"/>
    <BugPattern type="SSL_CONTEXT" abbrev="SECSSL" category="SECURITY"/>
    <BugPattern type="CUSTOM_MESSAGE_DIGEST" abbrev="SECCMD" category="SECURITY" cweid="327"/>
    <BugPattern type="FILE_UPLOAD_FILENAME" abbrev="SECFUN" category="SECURITY"/>
    <BugPattern type="REDOS" abbrev="SECRD" category="SECURITY" cweid="400"/>
    <BugPattern type="XXE_SAXPARSER" abbrev="SECXXESAX" category="SECURITY" cweid="611"/>
    <BugPattern type="XXE_XMLREADER" abbrev="SECXXEREAD" category="SECURITY" cweid="611"/>
    <BugPattern type="XXE_DOCUMENT" abbrev="SECXXEDOC" category="SECURITY" cweid="611"/>
    <BugPattern type="XXE_DTD_TRANSFORM_FACTORY" abbrev="SECXXETFDTD" category="SECURITY" cweid="611"/>
    <BugPattern type="XXE_XSLT_TRANSFORM_FACTORY" abbrev="SECXXETFXSLT" category="SECURITY" cweid="611"/>
    <BugPattern type="XXE_XMLSTREAMREADER" abbrev="SECXXESTR" category="SECURITY" cweid="611"/>
    <BugPattern type="XXE_XPATH" abbrev="SECXXEXPA" category="SECURITY" cweid="611"/>
    <BugPattern type="XPATH_INJECTION" abbrev="SECXPI" category="SECURITY" cweid="643"/>
    <BugPattern type="STRUTS1_ENDPOINT" abbrev="SECSTR1" category="SECURITY"/>
    <BugPattern type="STRUTS2_ENDPOINT" abbrev="SECSTR2" category="SECURITY"/>
    <BugPattern type="SPRING_ENDPOINT" abbrev="SECSC" category="SECURITY"/>
    <BugPattern type="SPRING_CSRF_PROTECTION_DISABLED" abbrev="SECSPRCSRFPD" category="SECURITY" cweid="352"/>
    <BugPattern type="SPRING_CSRF_UNRESTRICTED_REQUEST_MAPPING" abbrev="SECSPRCSRFURM" category="SECURITY" cweid="352"/>
    <BugPattern type="SAML_IGNORE_COMMENTS" abbrev="SECSAMLC" category="SECURITY"/>
    <BugPattern type="CUSTOM_INJECTION" abbrev="SECCUSTOMI" category="SECURITY" cweid="74"/>
    <BugPattern type="SQL_INJECTION" abbrev="SECSQLIHIB" category="SECURITY" cweid="564"/>
    <BugPattern type="SQL_INJECTION_TURBINE" abbrev="SECSQLITU" category="SECURITY" cweid="564"/>
    <BugPattern type="SQL_INJECTION_HIBERNATE" abbrev="SECSQLIHIB" category="SECURITY" cweid="564"/>
    <BugPattern type="SQL_INJECTION_JDO" abbrev="SECSQLIJDO" category="SECURITY" cweid="89"/>
    <BugPattern type="SQL_INJECTION_JPA" abbrev="SECSQLIJPA" category="SECURITY" cweid="89"/>
    <BugPattern type="SQL_INJECTION_SPRING_JDBC" abbrev="SECSQLISPRJDBC" category="SECURITY" cweid="89"/>
    <BugPattern type="SQL_INJECTION_JDBC" abbrev="SECSQLIJDBC" category="SECURITY" cweid="89"/>
    <BugPattern type="SQL_INJECTION_ANDROID" abbrev="SECSQLITEA" category="SECURITY" cweid="89"/>
    <BugPattern type="SCALA_SQL_INJECTION_SLICK" abbrev="SECSSQLS" category="SECURITY" cweid="89"/>
    <BugPattern type="SCALA_SQL_INJECTION_ANORM" abbrev="SECSSQLA" category="SECURITY" cweid="89"/>
    <BugPattern type="LDAP_INJECTION" abbrev="SECLDAPI" category="SECURITY" cweid="90"/>
    <BugPattern type="LDAP_ANONYMOUS" abbrev="LDAPA" category="SECURITY"/>
    <BugPattern type="LDAP_ENTRY_POISONING" abbrev="SECLDAPEP" category="SECURITY" cweid="90"/>
    <BugPattern type="BAD_HEXA_CONVERSION" abbrev="SECBHC" category="SECURITY" cweid="704"/>
    <BugPattern type="HAZELCAST_SYMMETRIC_ENCRYPTION" abbrev="SECHAZ" category="SECURITY" cweid="327"/>
    <BugPattern type="NULL_CIPHER" abbrev="SECNC" category="SECURITY" cweid="327"/>
    <BugPattern type="UNENCRYPTED_SOCKET" abbrev="SECUS" category="SECURITY" cweid="319"/>
    <BugPattern type="UNENCRYPTED_SERVER_SOCKET" abbrev="SECUSS" category="SECURITY" cweid="319"/>
    <BugPattern type="DES_USAGE" abbrev="SECDU" category="SECURITY" cweid="327"/>
    <BugPattern type="TDES_USAGE" abbrev="SECTDU" category="SECURITY" cweid="326"/>
    <BugPattern type="RSA_NO_PADDING" abbrev="SECRNP" category="SECURITY" cweid="780"/>
    <BugPattern type="HARD_CODE_PASSWORD" abbrev="SECHCP" category="SECURITY" cweid="259"/>
    <BugPattern type="UNSAFE_HASH_EQUALS" abbrev="SECUHE" category="SECURITY" cweid="203"/>
    <BugPattern type="HARD_CODE_KEY" abbrev="SECHCK" category="SECURITY" cweid="321"/>
    <BugPattern type="STRUTS_FORM_VALIDATION" abbrev="SECSFV" category="SECURITY" cweid="106"/>
    <BugPattern type="XSS_REQUEST_WRAPPER" abbrev="SECXRW" category="SECURITY" cweid="79"/>
    <BugPattern type="RSA_KEY_SIZE" abbrev="SECRKS" category="SECURITY" cweid="326"/>
    <BugPattern type="BLOWFISH_KEY_SIZE" abbrev="SECBKS" category="SECURITY" cweid="326"/>
    <BugPattern type="UNVALIDATED_REDIRECT" abbrev="SECUR" category="SECURITY" cweid="601"/>
    <BugPattern type="PLAY_UNVALIDATED_REDIRECT" abbrev="SECPUR" category="SECURITY" cweid="601"/>
    <BugPattern type="SPRING_UNVALIDATED_REDIRECT" abbrev="SECSUR" category="SECURITY" cweid="601"/>
    <BugPattern type="ENTITY_LEAK" abbrev="SECELEAK" category="SECURITY" cweid="212"/>
    <BugPattern type="ENTITY_MASS_ASSIGNMENT" abbrev="SECEMA" category="SECURITY" cweid="915"/>
    <BugPattern type="XSS_JSP_PRINT" abbrev="SECXSS1" category="SECURITY" cweid="79"/>
    <BugPattern type="JSP_INCLUDE" abbrev="SECJSPINC" category="SECURITY" cweid="98"/>
    <BugPattern type="JSP_SPRING_EVAL" abbrev="SECJSPSPRING" category="SECURITY" cweid="917"/>
    <BugPattern type="JSP_JSTL_OUT" abbrev="SECJSPJSTL" category="SECURITY" cweid="79"/>
    <BugPattern type="JSP_XSLT" abbrev="SECJSPXSLT" category="SECURITY" cweid="94"/>
    <BugPattern type="MALICIOUS_XSLT" abbrev="SECXSLT" category="SECURITY" cweid="94"/>
    <BugPattern type="XSS_SERVLET" abbrev="SECXSS2" category="SECURITY" cweid="79"/>
    <BugPattern type="XML_DECODER" abbrev="XMLDEC" category="SECURITY"/>
    <BugPattern type="STATIC_IV" abbrev="STAIV" category="SECURITY" cweid="329"/>
    <BugPattern type="ECB_MODE" abbrev="SECECB" category="SECURITY" cweid="327"/>
    <BugPattern type="PADDING_ORACLE" abbrev="PADORA" category="SECURITY" cweid="326"/>
    <BugPattern type="CIPHER_INTEGRITY" abbrev="CIPINT" category="SECURITY" cweid="353"/>
    <BugPattern type="ESAPI_ENCRYPTOR" abbrev="ESAPIENC" category="SECURITY"/>
    <BugPattern type="SCRIPT_ENGINE_INJECTION" abbrev="SCRIPTE" category="SECURITY" cweid="94"/>
    <BugPattern type="SPEL_INJECTION" abbrev="SPELI" category="SECURITY" cweid="94"/>
    <BugPattern type="EL_INJECTION" abbrev="SECEL" category="SECURITY" cweid="94"/>
    <BugPattern type="SEAM_LOG_INJECTION" abbrev="SECSEAM" category="SECURITY" cweid="94"/>
    <BugPattern type="OGNL_INJECTION" abbrev="SECOGNL" category="SECURITY" cweid="94"/>
    <BugPattern type="HTTP_RESPONSE_SPLITTING" abbrev="SECHRS" category="SECURITY" cweid="113"/>
    <BugPattern type="CRLF_INJECTION_LOGS" abbrev="SECCRLFLOG" category="SECURITY" cweid="117"/>
    <BugPattern type="EXTERNAL_CONFIG_CONTROL" abbrev="SECCONFCTRL" category="SECURITY" cweid="15"/>
    <BugPattern type="ANDROID_EXTERNAL_FILE_ACCESS" abbrev="SECEFA" category="SECURITY" cweid="276"/>
    <BugPattern type="ANDROID_BROADCAST" abbrev="SECBROAD" category="SECURITY" cweid="276"/>
    <BugPattern type="ANDROID_WORLD_WRITABLE" abbrev="SECWW" category="SECURITY" cweid="276"/>
    <BugPattern type="ANDROID_GEOLOCATION" abbrev="SECGEO" category="SECURITY" CWE="359"/>
    <BugPattern type="ANDROID_WEB_VIEW_JAVASCRIPT" abbrev="SECWVJ" category="SECURITY" cweid="79"/>
    <BugPattern type="ANDROID_WEB_VIEW_JAVASCRIPT_INTERFACE" abbrev="SECWVJI" category="SECURITY" cweid="285"/>
    <BugPattern type="OBJECT_DESERIALIZATION" abbrev="SECOBDES" category="SECURITY" cweid="502"/>
    <BugPattern type="JACKSON_UNSAFE_DESERIALIZATION" abbrev="SECUJDES" category="SECURITY" cweid="502"/>
    <BugPattern type="DESERIALIZATION_GADGET" abbrev="SECDESGAD" category="SECURITY" cweid="502" experimental="true"/>
    <BugPattern type="TRUST_BOUNDARY_VIOLATION" abbrev="SECTBV" category="SECURITY" cweid="501"/>
    <BugPattern type="SCALA_SENSITIVE_DATA_EXPOSURE" abbrev="SECSDL" category="SECURITY" cweid="200"/>
    <BugPattern type="SCALA_PLAY_SSRF" abbrev="SECSSSRF" category="SECURITY" cweid="918"/>
    <BugPattern type="SCALA_XSS_TWIRL" abbrev="SECSXSST" category="SECURITY" cweid="79"/>
    <BugPattern type="SCALA_XSS_MVC_API" abbrev="SECSXSS" category="SECURITY" cweid="79"/>
    <BugPattern type="TEMPLATE_INJECTION_VELOCITY" abbrev="SECVELO" category="SECURITY" cweid="94"/>
    <BugPattern type="TEMPLATE_INJECTION_FREEMARKER" abbrev="SECFREEM" category="SECURITY" cweid="94"/>
    <BugPattern type="TEMPLATE_INJECTION_PEBBLE" abbrev="SECPEBLE" category="SECURITY" cweid="94"/>
    <BugPattern type="URLCONNECTION_SSRF_FD" abbrev="SECSSSRFUC" category="SECURITY" cweid="918"/>
    <BugPattern type="INFORMATION_EXPOSURE_THROUGH_AN_ERROR_MESSAGE" abbrev="ERRMSG" category="SECURITY" cweid="209"/>
    <BugPattern type="RPC_ENABLED_EXTENSIONS" abbrev="RPCEXT" category="SECURITY"/>
    <BugPattern type="WICKET_XSS1" abbrev="WICXSS1" category="SECURITY"/>
    <BugPattern type="OVERLY_PERMISSIVE_FILE_PERMISSION" abbrev="SECOPFP" category="SECURITY"/>

</FindbugsPlugin>
